{
  "project_info": {
    "project_number": "357565928111",
    "firebase_url": "https://css-gp-default-rtdb.asia-southeast1.firebasedatabase.app",
    "project_id": "css-gp",
    "storage_bucket": "css-gp.appspot.com"
  },
  "client": [
    {
      "client_info": {
        "mobilesdk_app_id": "1:357565928111:android:6dc4183e03df267f267a5a",
        "android_client_info": {
          "package_name": "com.example.css_gp"
        }
      },
      "oauth_client": [
        {
          "client_id": "357565928111-r12afq1u9cot8vvs3vqt8humjv7tko9o.apps.googleusercontent.com",
          "client_type": 3
        }
      ],
      "api_key": [
        {
          "current_key": "AIzaSyBwja6wH9sSvw49Haw2YYo0PXjMGM9pwE0"
        }
      ],
      "services": {
        "appinvite_service": {
          "other_platform_oauth_client": [
            {
              "client_id": "357565928111-r12afq1u9cot8vvs3vqt8humjv7tko9o.apps.googleusercontent.com",
              "client_type": 3
            }
          ]
        }
      }
    },
    {
      "client_info": {
        "mobilesdk_app_id": "1:357565928111:android:e09ab761ab2b75e5267a5a",
        "android_client_info": {
          "package_name": "com.example.guitest2"
        }
      },
      "oauth_client": [
        {
          "client_id": "357565928111-r12afq1u9cot8vvs3vqt8humjv7tko9o.apps.googleusercontent.com",
          "client_type": 3
        }
      ],
      "api_key": [
        {
          "current_key": "AIzaSyBwja6wH9sSvw49Haw2YYo0PXjMGM9pwE0"
        }
      ],
      "services": {
        "appinvite_service": {
          "other_platform_oauth_client": [
            {
              "client_id": "357565928111-r12afq1u9cot8vvs3vqt8humjv7tko9o.apps.googleusercontent.com",
              "client_type": 3
            }
          ]
        }
      }
    }
  ],
  "configuration_version": "1"
}